gene,cid
b0005,1
b0006,1
b0007,1
b0008,1
b0009,1
b0010,1
b0011,1
b0012,1
b0013,1
b0014,1
b0015,1
b0016,1
b0018,1
b4412,1
b0019,1
b0020,1
b0021,1
b0022,1
b0023,1
b0024,1
b0027,2
b0028,2
b0029,2
b0030,2
b0031,2
b0032,2
b0033,2
b0034,2
b0035,2
b0036,2
b0037,2
b0038,2
b0039,2
b0040,2
b0041,2
b0044,3
b0045,3
b0046,3
b0047,3
b0048,3
b0049,3
b0050,3
b0051,3
b0052,3
b0053,3
b0054,3
b0055,3
b0056,3
b0057,3
b0058,3
b0059,3
b0060,3
b0063,4
b0064,4
b0065,4
b0066,4
b0067,4
b0068,4
b0071,5
b0072,5
b0073,5
b0074,5
b0075,5
b0076,5
b4726,5
b0077,5
b0078,5
b0080,5
b0081,5
b0082,5
b0083,5
b0084,5
b0085,5
b0086,5
b0087,5
b0088,5
b0089,5
b0090,5
b0092,6
b0093,6
b0094,6
b0095,6
b0096,6
b0097,6
b0098,6
b0099,6
b0101,6
b0102,6
b0106,7
b0107,7
b0108,7
b0109,7
b0110,7
b0111,7
b0112,7
b0113,7
b0114,7
b0115,7
b0116,7
b0118,8
b0119,8
b0120,8
b0121,8
b0122,8
b0123,8
b0124,8
b0125,8
b0126,8
b0127,8
b0128,8
b0129,8
b0130,8
b0131,8
b0132,8
b0133,8
b0134,8
b0135,8
b0136,8
b0137,8
b0138,8
b0139,8
b0140,8
b0141,8
b0142,8
b0143,8
b0147,9
b0148,9
b0149,9
b0150,9
b0151,9
b0152,9
b0153,9
b0154,9
b4765,9
b0155,9
b4728,9
b0156,9
b0157,9
b0158,9
b0161,10
b0162,10
b0163,10
b0164,10
b0166,10
b0167,10
b0168,10
b0171,11
b0172,11
b0173,11
b0174,11
b0175,11
b0176,11
b0177,11
b0178,11
b0179,11
b0180,11
b0181,11
b0182,11
b0183,11
b0184,11
b0185,11
b0186,11
b0187,11
b0188,11
b0189,11
b4406,11
b0190,11
b0191,11
b0192,11
b0193,11
b0194,11
b0195,11
b0196,11
b0197,11
b0198,11
b0199,11
b0200,11
b0207,11
b0208,11
b0209,11
b0210,11
b0211,11
b0212,11
b0213,11
b0214,11
b0215,11
b0219,12
b0220,12
b0221,12
b0222,12
b0223,12
b0224,12
b0225,12
b0226,12
b0227,12
b0228,12
b0231,12
b0232,12
b0233,12
b0237,13
b0238,13
b0239,13
b4710,13
b4709,13
b0241,13
b0242,13
b0245,14
b0246,14
b4504,14
b0247,14
b0248,14
b0249,14
b0250,14
b0251,14
b0252,14
b0253,14
b0254,14
b0256,14
b0259,15
b0260,15
b0261,15
b0262,15
b0264,15
b0265,15
b0266,15
b0267,15
b0268,15
b0269,15
b0270,15
b0271,15
b0272,15
b0273,15
b4766,15
b4688,15
b0274,15
b0275,15
b0276,15
b0277,15
b0278,15
b0279,15
b4729,15
b0280,15
b0281,15
b0282,15
b0283,15
b0284,15
b0285,15
b0286,15
b0287,15
b0288,15
b0289,15
b0290,15
b0291,15
b0292,15
b0293,15
b0294,15
b0295,15
b4506,15
b0296,15
b4671,15
b0298,15
b0299,15
b0301,15
b0303,15
b0305,16
b0306,16
b0307,16
b0308,16
b0310,16
b0311,16
b0312,16
b0313,16
b0314,16
b4730,16
b0315,16
b0316,16
b0317,16
b0318,16
b0319,16
b0320,16
b0321,16
b0322,16
b0323,16
b0324,16
b0326,17
b0327,17
b0328,17
b0329,17
b0330,17
b0331,17
b0333,17
b0334,17
b0335,17
b0336,17
b0337,17
b0338,17
b0339,17
b0340,17
b0341,17
b0342,17
b0343,17
b0345,18
b0346,18
b0347,18
b0348,18
b0349,18
b0350,18
b0351,18
b0352,18
b0353,18
b0354,18
b0355,18
b0356,18
b0357,18
b0358,18
b0360,18
b0361,18
b0363,18
b4731,18
b0364,18
b0365,18
b0366,18
b0367,18
b0368,18
b0369,18
b4767,18
b0372,18
b0373,18
b0375,19
b0376,19
b0377,19
b0378,19
b0379,19
b0380,19
b0381,19
b0382,19
b0383,19
b0384,19
b0387,20
b0388,20
b0389,20
b0390,20
b0391,20
b4732,20
b0393,20
b0394,20
b0396,20
b0397,20
b0398,20
b0399,20
b0400,20
b0403,21
b0404,21
b0405,21
b0406,21
b0407,21
b0408,21
b0409,21
b0410,21
b0411,21
b0412,21
b0413,21
b0414,21
b0415,21
b0416,21
b0417,21
b0418,21
b0419,21
b0420,21
b0421,21
b0422,21
b0423,21
b0424,21
b0425,21
b0426,21
b0427,21
b0430,22
b0431,22
b0432,22
b0433,22
b0434,22
b0435,22
b0436,22
b0437,22
b0438,22
b0001,23
b0002,23
b0003,23
b0440,23
b0441,23
b0442,23
b0443,23
b0444,23
b0445,23
b0446,23
b0447,23
b0448,23
b0449,23
b0450,23
b0451,23
b0452,23
b0453,23
b0454,23
b0456,23
b0457,23
b0458,23
b0459,23
b0460,23
b0461,23
b0462,23
b0463,23
b0464,23
b0465,23
b0466,23
b0467,23
b0468,23
b0469,23
b0470,23
b0471,23
b0472,23
b0473,23
b0474,23
b0475,23
b0476,23
b0477,23
b0478,23
b0479,23
b0480,23
b0481,23
b0482,23
b0483,23
b0484,23
b0485,23
b0486,23
b0487,23
b0488,23
b0489,23
b0490,23
b0491,23
b0492,23
b0493,23
b0494,23
b0495,23
b0496,23
b0497,23
b0498,23
b0502,23
b0503,23
b0504,23
b0505,23
b0506,23
b0507,23
b0508,23
b0509,23
b0511,23
b0512,23
b0513,23
b0514,23
b0515,23
b0516,23
b0517,23
b0518,23
b4572,23
b0520,23
b0521,23
b0522,23
b0523,23
b0524,23
b0525,23
b0526,23
b0527,23
b0528,23
b0529,23
b0530,23
b0531,23
b0532,23
b0533,23
b0534,23
b0535,23
b0537,23
b0540,23
b0541,23
b0543,23
b4733,23
b0544,23
b0545,23
b0546,23
b4588,23
b0547,23
b0548,23
b0549,23
b0550,23
b4509,23
b0551,23
b0552,23
b0554,23
b0555,23
b0556,23
b4510,23
b0557,23
b0558,23
b0559,23
b4589,23
b0560,23
b0561,23
b0563,23
b0564,23
b0565,23
b0566,23
b0567,23
b0568,23
b0569,23
b0570,23
b0571,23
b0572,23
b0573,23
b0574,23
b0575,23
b0576,23
b0577,23
b0578,23
b0579,23
b0580,23
b0581,23
b4415,23
b0582,23
b0583,23
b0584,23
b0585,23
b4511,23
b0586,23
b0587,23
b0588,23
b0589,23
b0590,23
b0591,23
b0592,23
b0593,23
b0594,23
b0595,23
b0596,23
b0597,23
b0598,23
b4512,23
b0599,23
b0600,23
b0601,23
b0602,23
b0603,23
b0604,23
b0605,23
b0606,23
b0607,23
b0608,23
b4734,23
b0610,23
b0611,23
b0612,23
b0613,23
b0614,23
b0615,23
b0616,23
b0617,23
b0618,23
b0619,23
b0620,23
b0621,23
b0622,23
b0623,23
b0624,23
b0627,23
b0628,23
b0629,23
b0630,23
b0631,23
b0632,23
b0633,23
b0634,23
b0635,23
b0636,23
b0637,23
b0638,23
b0639,23
b0640,23
b0641,23
b0642,23
b0643,23
b0644,23
b0645,23
b0646,23
b0647,23
b0648,23
b0649,23
b0650,23
b0651,23
b0652,23
b0653,23
b0654,23
b0655,23
b0656,23
b0657,23
b0658,23
b0659,23
b0660,23
b0661,23
b0662,23
b0674,23
b0675,23
b0676,23
b0677,23
b0678,23
b0679,23
b0680,23
b0681,23
b0682,23
b0683,23
b4637,23
b0684,23
b0685,23
b0686,23
b0687,23
b0688,23
b0689,23
b0692,23
b0693,23
b4803,23
b0694,23
b0695,23
b0696,23
b0697,23
b0698,23
b4513,23
b0699,23
b0700,23
b0702,23
b0704,23
b4514,23
b0706,23
b0707,23
b0708,23
b0709,23
b0710,23
b0711,23
b0712,23
b0713,23
b0714,23
b0715,23
b0716,23
b0717,23
b0718,23
b0719,23
b0720,23
b4768,23
b4735,23
b0721,23
b0722,23
b0723,23
b0724,23
b0726,23
b0727,23
b0728,23
b0729,23
b0730,23
b0731,23
b0732,23
b0733,23
b0734,23
b4515,23
b0735,23
b0736,23
b0737,23
b0738,23
b0739,23
b0740,23
b0741,23
b0742,23
b0750,23
b0751,23
b0752,23
b0753,23
b0754,23
b0755,23
b0756,23
b0757,23
b0758,23
b0759,23
b0760,23
b0761,23
b0762,23
b0763,23
b0764,23
b0765,23
b0766,23
b0767,23
b0768,23
b0769,23
b0770,23
b0771,23
b0772,23
b0773,23
b0774,23
b0775,23
b0776,23
b0777,23
b0778,23
b0779,23
b0780,23
b0781,23
b0782,23
b0783,23
b0784,23
b0785,23
b0786,23
b0787,23
b0788,23
b0789,23
b0790,23
b0791,23
b0792,23
b0793,23
b0794,23
b0795,23
b0796,23
b0797,23
b0798,23
b0799,23
b0800,23
b0801,23
b4769,23
b0802,23
b0803,23
b0804,23
b0805,23
b0806,23
b0807,23
b0808,23
b0809,23
b0810,23
b0811,23
b0812,23
b0813,23
b4736,23
b0814,23
b0815,23
b4705,23
b0817,23
b0818,23
b0819,23
b0820,23
b0821,23
b0822,23
b0823,23
b0824,23
b0825,23
b0826,23
b0827,23
b0828,23
b0829,23
b0830,23
b0831,23
b0832,23
b0833,23
b0834,23
b0835,23
b0836,23
b0837,23
b0838,23
b0839,23
b0840,23
b0841,23
b0842,23
b0843,23
b0844,23
b0845,23
b0846,23
b0847,23
b0848,23
b0849,23
b0850,23
b0851,23
b0852,23
b0853,23
b0854,23
b0855,23
b0856,23
b0857,23
b0858,23
b0859,23
b0860,23
b0861,23
b0862,23
b0863,23
b0864,23
b0865,23
b0866,23
b0867,23
b0868,23
b0869,23
b0870,23
b0871,23
b0872,23
b0873,23
b0874,23
b0875,23
b0876,23
b0877,23
b0878,23
b0879,23
b0880,23
b4770,23
b0881,23
b0882,23
b0884,23
b0885,23
b0886,23
b0887,23
b0888,23
b0889,23
b0890,23
b0891,23
b0892,23
b0893,23
b0894,23
b0895,23
b0896,23
b0897,23
b0898,23
b0899,23
b0900,23
b0901,23
b0902,23
b0903,23
b0904,23
b0905,23
b0906,23
b0907,23
b0908,23
b0909,23
b0910,23
b0911,23
b0912,23
b0913,23
b0914,23
b0915,23
b0916,23
b0917,23
b0918,23
b0919,23
b0920,23
b0921,23
b0922,23
b0923,23
b0924,23
b0925,23
b0926,23
b0927,23
b0928,23
b0929,23
b0930,23
b0931,23
b0932,23
b0933,23
b0934,23
b0935,23
b0936,23
b0937,23
b0938,23
b0939,23
b0940,23
b0941,23
b0942,23
b0943,23
b0944,23
b0945,23
b0946,23
b0947,23
b0948,23
b0949,23
b0950,23
b0951,23
b0952,23
b0953,23
b0954,23
b0955,23
b0956,23
b0957,23
b0958,23
b0959,23
b0960,23
b0961,23
b0962,23
b0963,23
b0964,23
b0965,23
b0966,23
b0967,23
b0968,23
b0969,23
b0970,23
b0972,23
b0973,23
b0974,23
b0975,23
b0976,23
b0977,23
b0978,23
b0979,23
b4592,23
b0980,23
b0981,23
b0982,23
b0983,23
b0984,23
b0985,23
b0986,23
b0987,23
b4516,23
b0988,23
b0989,23
b0990,23
b4723,23
b0991,23
b4517,23
b0992,23
b0993,23
b0994,23
b0995,23
b0996,23
b0997,23
b0998,23
b0999,23
b1000,23
b1001,23
b1002,23
b1003,23
b1004,23
b4518,23
b1006,23
b1007,23
b1008,23
b1009,23
b1010,23
b1011,23
b1012,23
b1013,23
b1014,23
b4737,23
b1015,23
b1018,23
b1019,23
b1020,23
b1021,23
b1022,23
b1023,23
b1024,23
b1025,23
b1026,23
b1027,23
b1029,23
b1033,23
b1034,23
b1035,23
b1036,23
b1037,23
b1038,23
b1039,23
b1040,23
b1041,23
b1042,23
b1043,23
b1044,23
b1045,23
b1046,23
b1047,23
b1048,23
b1049,23
b1050,23
b1051,23
b1053,23
b1054,23
b1055,23
b1056,23
b1057,23
b1058,23
b1059,23
b1060,23
b1061,23
b1062,23
b1063,23
b1064,23
b1065,23
b1066,23
b1067,23
b1068,23
b1069,23
b1070,23
b1071,23
b1072,23
b1073,23
b1074,23
b1075,23
b1076,23
b1077,23
b1078,23
b1079,23
b1080,23
b1081,23
b1082,23
b1083,23
b1084,23
b1085,23
b1086,23
b1087,23
b1088,23
b1089,23
b1090,23
b1091,23
b1092,23
b1093,23
b1094,23
b1095,23
b1096,23
b1097,23
b1098,23
b1099,23
b1100,23
b1101,23
b1102,23
b1103,23
b1104,23
b1105,23
b1106,23
b1107,23
b1108,23
b1109,23
b1110,23
b1111,23
b1112,23
b1113,23
b1114,23
b1115,23
b1116,23
b1117,23
b1118,23
b1119,23
b1120,23
b1121,23
b1122,23
b1123,23
b1124,23
b1125,23
b1126,23
b1127,23
b1128,23
b1129,23
b1130,23
b1131,23
b1132,23
b1133,23
b1134,23
b1135,23
b1136,23
b1137,23
b1138,23
b1139,23
b1140,23
b1141,23
b1142,23
b1143,23
b1144,23
b1145,23
b1146,23
b1147,23
b1148,23
b1149,23
b1150,23
b1151,23
b1153,23
b1154,23
b1155,23
b1156,23
b1158,23
b1159,23
b1160,23
b4738,23
b4739,23
b1161,23
b1162,23
b1163,23
b1164,23
b1165,23
b1166,23
b1167,23
b1168,23
b4520,23
b1171,23
b1172,23
b4593,23
b4594,23
b1174,23
b1175,23
b1176,23
b1177,23
b1178,23
b1179,23
b1180,23
b1181,23
b1182,23
b1183,23
b1184,23
b1185,23
b1186,23
b1187,23
b1188,23
b1189,23
b1190,23
b4740,23
b1191,23
b1192,23
b1193,23
b1194,23
b1195,23
b1196,23
b1197,23
b1198,23
b1199,23
b1200,23
b1201,23
b1202,23
b1203,23
b1204,23
b1205,23
b1206,23
b1207,23
b1208,23
b1209,23
b1210,23
b1211,23
b1212,23
b1213,23
b1214,23
b1215,23
b4419,23
b4421,23
b4423,23
b1216,23
b1217,23
b1218,23
b1219,23
b1220,23
b1221,23
b1222,23
b1223,23
b1224,23
b1225,23
b1226,23
b1227,23
b1228,23
b1229,23
b1232,23
b1233,23
b1234,23
b1235,23
b1236,23
b1237,23
b1238,23
b1241,23
b4771,23
b1242,23
b4711,23
b1243,23
b1244,23
b1245,23
b1246,23
b1247,23
b1248,23
b1249,23
b4595,23
b1250,23
b1251,23
b1252,23
b1253,23
b1254,23
b1255,23
b1256,23
b1257,23
b1258,23
b1259,23
b1260,23
b1261,23
b1262,23
b1263,23
b1264,23
b1265,23
b1266,23
b1267,23
b1268,23
b1269,23
b1270,23
b1271,23
b1272,23
b1273,23
b1274,23
b1275,23
b4522,23
b4523,23
b4741,23
b1276,23
b1277,23
b1278,23
b1279,23
b1280,23
b1281,23
b1282,23
b1283,23
b1284,23
b4596,23
b4772,23
b1285,23
b4672,23
b1286,23
b1287,23
b1288,23
b1289,23
b1290,23
b1291,23
b1292,23
b1293,23
b1294,23
b1295,23
b1296,23
b4742,23
b1297,23
b1298,23
b1299,23
b1300,23
b1301,23
b1302,23
b1303,23
b1304,23
b1305,23
b1306,23
b1307,23
b1308,23
b1309,23
b1310,23
b1311,23
b1312,23
b1313,23
b1314,23
b1315,23
b1316,23
b1317,23
b1319,23
b1320,23
b1321,23
b1322,23
b1323,23
b1324,23
b1325,23
b1326,23
b4525,23
b4673,23
b1327,23
b1328,23
b1329,23
b1330,23
b1331,23
b1332,23
b1333,23
b1334,23
b1335,23
b1336,23
b1337,23
b1338,23
b1339,23
b1340,23
b1341,23
b4773,23
b1342,23
b4743,23
b1343,23
b1344,23
b1345,23
b1346,23
b1347,23
b1348,23
b1349,23
b1350,23
b1351,23
b4526,23
b1352,23
b1353,23
b4527,23
b1355,23
b1356,23
b1357,23
b1358,23
b1359,23
b1360,23
b1361,23
b4528,23
b1363,23
b1365,23
b1366,23
b1368,23
b1370,23
b1372,23
b1373,23
b1374,23
b1375,23
b4744,23
b1376,23
b1377,23
b1378,23
b4529,23
b1379,23
b1380,23
b1381,23
b1382,23
b1383,23
b1384,23
b1385,23
b1386,23
b1387,23
b1388,23
b1389,23
b1390,23
b1391,23
b1392,23
b1393,23
b1394,23
b1395,23
b1396,23
b1397,23
b1398,23
b1399,23
b1400,23
b4674,23
b1402,23
b1403,23
b1404,23
b1406,23
b1407,23
b1408,23
b1409,23
b1410,23
b1411,23
b1412,23
b1413,23
b1414,23
b1415,23
b1418,23
b1419,23
b4774,23
b4428,23
b1420,23
b1421,23
b1422,23
b1423,23
b1424,23
b1426,23
b1427,23
b1428,23
b1429,23
b1430,23
b1431,23
b1432,23
b1433,23
b1434,23
b1435,23
b1436,23
b4532,23
b1438,23
b1439,23
b1440,23
b1441,23
b1442,23
b1443,23
b1444,23
b4598,23
b1445,23
b1446,23
b1447,23
b1448,23
b1449,23
b1450,23
b1451,23
b1452,23
b1453,23
b1454,23
b1455,23
b1457,23
b4745,23
b1460,23
b1461,23
b1462,23
b1463,23
b1464,23
b1465,23
b1466,23
b1467,23
b1468,23
b1469,23
b1471,23
b1472,23
b1473,23
b1474,23
b1475,23
b1476,23
b1477,23
b1478,23
b1479,23
b1480,23
b1481,23
b1482,23
b1483,23
b1484,23
b1485,23
b1486,23
b1487,23
b1488,23
b1489,23
b1490,23
b4746,23
b1491,23
b1492,23
b1493,23
b1494,23
b1495,23
b1496,23
b4747,23
b1497,23
b1498,23
b1499,23
b1500,23
b1501,23
b1502,23
b1503,23
b1504,23
b1505,23
b1507,23
b1508,23
b1511,23
b1512,23
b1513,23
b1514,23
b1515,23
b1516,23
b1517,23
b1518,23
b1519,23
b1520,23
b1521,23
b1522,23
b1523,23
b1524,23
b1525,23
b1526,23
b1527,23
b1528,23
b1529,23
b1530,23
b1531,23
b1532,23
b1533,23
b1534,23
b4599,23
b4775,23
b1535,23
b1536,23
b1537,23
b1538,23
b1539,23
b1540,23
b1541,23
b1542,23
b1543,23
b4748,23
b1544,23
b1545,23
b1546,23
b1547,23
b1548,23
b4533,23
b1549,23
b1550,23
b1551,23
b4749,23
b4724,23
b1552,23
b1553,23
b4689,23
b1554,23
b1555,23
b1556,23
b4776,23
b1557,23
b1558,23
b4750,23
b1559,23
b1560,23
b1561,23
b1562,23
b1563,23
b1564,23
b1565,23
b1566,23
b1567,23
b1568,23
b1569,23
b1570,23
b1571,23
b1572,23
b1573,23
b1575,23
b1576,23
b4534,23
b1580,23
b1581,23
b1582,23
b1583,23
b1584,23
b1585,23
b1586,23
b1587,23
b1588,23
b1589,23
b1590,23
b1591,23
b1592,23
b1593,23
b1594,23
b1595,23
b1596,23
b1597,23
b4601,23
b1598,23
b1599,23
b1600,23
b4777,23
b1601,23
b1602,23
b1603,23
b1604,23
b1605,23
b1606,23
b1607,23
b1608,23
b1609,23
b1610,23
b1611,23
b1612,23
b1613,23
b1614,23
b1615,23
b1616,23
b1617,23
b1618,23
b1619,23
b1620,23
b1621,23
b1622,23
b1623,23
b1624,23
b4409,23
b1625,23
b1626,23
b1627,23
b1628,23
b1629,23
b1630,23
b1631,23
b1632,23
b1633,23
b1634,23
b1635,23
b1636,23
b1637,23
b1638,23
b1639,23
b1640,23
b1641,23
b1642,23
b1643,23
b1644,23
b1645,23
b1646,23
b1647,23
b1648,23
b1649,23
b1650,23
b1651,23
b1652,23
b1653,23
b1654,23
b1655,23
b1656,23
b1657,23
b4602,23
b1658,23
b1659,23
b1660,23
b1661,23
b1662,23
b1663,23
b1664,23
b1667,23
b1668,23
b1669,23
b1670,23
b1671,23
b1672,23
b1673,23
b1674,23
b1675,23
b1676,23
b1677,23
b1678,23
b1679,23
b1680,23
b1681,23
b1682,23
b1683,23
b1684,23
b1685,23
b1686,23
b1687,23
b1688,23
b1689,23
b1690,23
b1691,23
b1692,23
b1693,23
b1694,23
b1695,23
b1696,23
b1697,23
b1698,23
b1699,23
b1700,23
b1701,23
b1702,23
b1703,23
b1704,23
b1705,23
b1706,23
b1707,23
b1708,23
b1709,23
b1710,23
b1711,23
b1712,23
b1713,23
b1714,23
b1715,23
b1716,23
b1717,23
b1718,23
b1719,23
b4535,23
b1722,23
b1723,23
b1724,23
b1725,23
b1726,23
b1727,23
b1728,23
b1729,23
b1730,23
b1731,23
b1732,23
b1733,23
b1734,23
b1735,23
b1736,23
b1737,23
b1738,23
b1739,23
b1740,23
b1741,23
b1742,23
b1743,23
b1744,23
b1745,23
b1746,23
b1747,23
b1748,23
b1749,23
b1750,23
b1751,23
b1752,23
b1753,23
b1754,23
b1755,23
b1756,23
b1757,23
b1758,23
b1759,23
b1760,23
b1761,23
b1762,23
b1763,23
b1764,23
b1765,23
b1766,23
b1767,23
b1768,23
b1769,23
b1770,23
b1771,23
b1772,23
b1773,23
b1774,23
b1775,23
b1776,23
b1777,23
b1778,23
b1779,23
b1780,23
b1781,23
b1782,23
b1783,23
b1784,23
b1785,23
b1786,23
b1787,23
b1788,23
b1789,23
b1790,23
b1791,23
b1792,23
b1793,23
b1794,23
b4676,23
b4675,23
b1795,23
b1796,23
b1797,23
b1798,23
b1799,23
b1800,23
b1801,23
b1802,23
b1803,23
b1804,23
b1805,23
b1806,23
b1807,23
b1808,23
b1809,23
b1810,23
b1811,23
b1812,23
b1813,23
b1814,23
b1815,23
b1816,23
b4751,23
b1817,23
b1818,23
b1819,23
b1820,23
b1821,23
b1822,23
b1823,23
b1824,23
b1825,23
b1826,23
b4536,23
b1827,23
b1828,23
b1829,23
b1830,23
b1831,23
b1832,23
b1833,23
b1834,23
b1835,23
b1836,23
b1837,23
b1838,23
b1839,23
b1840,23
b1841,23
b1842,23
b1843,23
b1844,23
b1845,23
b1846,23
b1847,23
b1848,23
b1849,23
b1850,23
b1851,23
b1852,23
b1853,23
b1854,23
b1855,23
b1856,23
b1857,23
b1858,23
b1859,23
b1860,23
b1861,23
b4677,23
b1862,23
b1863,23
b1864,23
b1865,23
b1866,23
b1867,23
b1868,23
b1869,23
b1870,23
b1871,23
b1872,23
b1873,23
b1874,23
b1875,23
b1876,23
b4778,23
b1877,23
b1878,23
b1879,23
b1880,23
b1881,23
b1882,23
b1883,23
b1884,23
b1885,23
b1886,23
b1887,23
b1888,23
b1889,23
b1890,23
b1891,23
b1892,23
b1893,23
b1894,23
b1895,23
b1896,23
b1897,23
b4460,23
b1900,23
b1901,23
b1902,23
b4537,23
b4663,23
b1904,23
b1905,23
b1906,23
b1907,23
b1908,23
b1912,23
b1913,23
b1914,23
b4752,23
b1915,23
b1916,23
b1917,23
b1918,23
b1919,23
b1920,23
b1921,23
b1922,23
b1923,23
b1924,23
b1925,23
b1926,23
b1927,23
b1928,23
b1929,23
b1930,23
b1931,23
b1932,23
b1937,23
b1938,23
b1939,23
b1940,23
b1941,23
b1942,23
b1943,23
b1944,23
b1945,23
b1946,23
b1947,23
b1948,23
b1949,23
b1950,23
b1951,23
b1952,23
b1953,23
b1955,23
b1956,23
b1957,23
b1958,23
b1959,23
b1960,23
b1961,23
b1962,23
b1963,23
b1967,23
b1968,23
b1969,23
b1970,23
b1971,23
b1972,23
b1973,23
b1974,23
b1976,23
b1978,23
b1981,23
b1982,23
b1983,23
b1985,23
b1987,23
b1988,23
b1990,23
b1991,23
b1992,23
b1993,23
b1994,23
b1996,23
b1997,23
b2000,23
b2001,23
b2002,23
b2003,23
b2004,23
b2005,23
b2006,23
b4538,23
b2007,23
b2008,23
b2009,23
b2010,23
b2011,23
b2012,23
b2013,23
b2014,23
b4678,23
b2015,23
b2016,23
b4539,23
b2017,23
b2018,23
b2019,23
b2020,23
b2021,23
b2022,23
b2023,23
b2024,23
b2025,23
b2026,23
b2027,23
b2028,23
b2029,23
b2030,23
b2032,23
b2033,23
b2034,23
b2035,23
b2036,23
b2037,23
b2038,23
b2039,23
b2040,23
b2041,23
b2042,23
b2043,23
b2044,23
b2045,23
b2046,23
b2047,23
b2048,23
b2049,23
b2050,23
b2051,23
b2052,23
b2053,23
b2054,23
b2055,23
b2056,23
b2057,23
b2058,23
b2059,23
b2060,23
b2061,23
b2062,23
b2063,23
b2064,23
b2065,23
b2066,23
b2067,23
b2068,23
b2069,23
b2070,23
b2071,23
b2072,23
b2073,23
b4667,23
b4668,23
b2074,23
b2075,23
b2076,23
b2077,23
b2078,23
b2079,23
b2080,23
b2081,23
b2082,23
b2085,23
b2086,23
b2088,23
b2089,23
b2091,23
b2093,23
b2094,23
b2095,23
b2096,23
b2097,23
b2098,23
b2099,23
b2100,23
b2101,23
b2102,23
b2103,23
b2104,23
b2105,23
b2106,23
b2107,23
b2108,23
b2109,23
b2110,23
b2111,23
b2112,23
b2113,23
b2114,23
b2115,23
b2118,23
b4541,23
b2119,23
b2120,23
b2121,23
b2122,23
b2123,23
b2124,23
b2125,23
b2126,23
b2127,23
b4542,23
b2128,23
b2129,23
b2130,23
b2131,23
b2132,23
b2133,23
b2134,23
b2135,23
b2136,23
b2137,23
b4679,23
b2140,23
b2141,23
b2142,23
b2143,23
b2144,23
b2145,23
b2146,23
b2147,23
b2148,23
b2149,23
b2150,23
b2151,23
b2152,23
b2153,23
b2154,23
b2155,23
b2156,23
b2157,23
b2158,23
b2159,23
b2160,23
b2161,23
b2162,23
b2163,23
b2164,23
b2165,23
b2166,23
b2167,23
b2168,23
b2169,23
b2170,23
b4502,23
b2171,23
b2172,23
b2173,23
b2174,23
b2175,23
b2176,23
b2177,23
b2178,23
b2179,23
b2180,23
b2181,23
b2182,23
b2183,23
b2184,23
b2185,23
b2186,23
b2187,23
b2188,23
b2192,23
b2193,23
b2194,23
b2195,23
b2196,23
b2197,23
b2198,23
b2199,23
b2200,23
b2201,23
b2202,23
b2203,23
b2204,23
b2205,23
b2206,23
b2207,23
b2208,23
b4604,23
b2209,23
b2210,23
b2211,23
b2212,23
b2213,23
b2214,23
b2215,23
b2216,23
b2217,23
b2218,23
b2219,23
b2220,23
b2221,23
b2222,23
b2223,23
b2224,23
b2225,23
b2226,23
b2229,23
b2230,23
b2231,23
b2232,23
b2233,23
b4605,23
b2234,23
b4779,23
b2235,23
b2236,23
b2237,23
b2239,23
b2240,23
b2241,23
b2242,23
b2243,23
b2244,23
b2245,23
b2246,23
b2247,23
b2248,23
b2249,23
b2250,23
b2251,23
b2252,23
b2253,23
b2254,23
b2255,23
b2256,23
b2257,23
b4544,23
b2258,23
b2259,23
b2260,23
b2261,23
b2262,23
b2263,23
b2264,23
b2265,23
b2266,23
b2267,23
b2268,23
b2269,23
b2270,23
b2271,23
b2272,23
b2273,23
b2274,23
b2275,23
b2276,23
b2277,23
b2278,23
b2279,23
b2280,23
b2281,23
b2282,23
b2283,23
b2284,23
b2285,23
b2286,23
b2287,23
b2288,23
b2289,23
b2290,23
b2291,23
b2292,23
b2293,23
b2294,23
b2295,23
b2296,23
b2297,23
b2298,23
b2299,23
b2300,23
b2301,23
b2302,23
b2303,23
b2304,23
b2305,23
b2306,23
b2307,23
b2308,23
b2309,23
b2310,23
b2311,23
b2312,23
b2313,23
b2314,23
b2315,23
b2316,23
b2317,23
b2318,23
b2319,23
b2320,23
b2321,23
b2322,23
b2323,23
b2324,23
b2325,23
b2326,23
b2327,23
b2328,23
b2329,23
b2330,23
b2331,23
b2332,23
b2333,23
b2334,23
b2335,23
b2336,23
b2339,23
b2340,23
b2341,23
b2342,23
b2343,23
b2344,23
b2345,23
b2346,23
b2347,23
b2349,23
b2350,23
b2351,23
b2352,23
b4780,23
b2354,23
b2356,23
b2357,23
b2358,23
b2359,23
b2360,23
b2361,23
b2362,23
b2363,23
b4545,23
b4501,23
b2364,23
b2365,23
b2366,23
b2367,23
b2368,23
b4781,23
b2369,23
b2370,23
b2371,23
b2372,23
b2373,23
b2374,23
b2375,23
b2376,23
b2377,23
b2378,23
b4680,23
b2379,23
b2380,23
b2381,23
b2382,23
b2383,23
b2384,23
b2385,23
b2386,23
b2387,23
b2388,23
b2389,23
b2390,23
b2392,23
b2393,23
b2394,23
b2395,23
b2398,23
b2399,23
b2400,23
b2405,23
b2406,23
b2407,23
b2408,23
b2409,23
b2410,23
b4546,23
b2411,23
b2412,23
b2413,23
b2414,23
b2415,23
b2416,23
b2417,23
b2418,23
b2419,23
b2420,23
b2421,23
b2422,23
b2423,23
b2424,23
b2425,23
b2426,23
b2427,23
b2428,23
b2429,23
b2430,23
b2431,23
b2432,23
b2433,23
b2434,23
b2435,23
b2436,23
b2437,23
b2438,23
b2439,23
b2440,23
b2441,23
b2442,23
b2443,23
b2444,23
b2445,23
b2446,23
b2447,23
b2448,23
b2449,23
b2450,23
b2451,23
b2452,23
b2453,23
b2454,23
b2455,23
b2456,23
b2457,23
b2458,23
b2459,23
b2460,23
b2461,23
b2462,23
b2463,23
b2464,23
b2465,23
b2466,23
b2467,23
b2468,23
b2469,23
b2470,23
b4606,23
b2471,23
b2472,23
b4547,23
b2473,23
b2474,23
b2475,23
b2476,23
b2477,23
b2478,23
b2479,23
b2480,23
b2481,23
b2482,23
b2483,23
b2484,23
b2485,23
b2486,23
b2487,23
b2488,23
b2489,23
b2490,23
b2491,23
b2492,23
b2493,23
b2494,23
b2495,23
b2496,23
b2497,23
b2498,23
b2499,23
b2500,23
b2501,23
b2502,23
b2503,23
b2504,23
b2505,23
b2506,23
b2507,23
b2508,23
b2509,23
b2510,23
b2511,23
b2512,23
b2513,23
b2514,23
b2515,23
b2516,23
b2517,23
b2518,23
b2519,23
b2520,23
b2521,23
b2522,23
b2523,23
b2524,23
b2525,23
b2526,23
b2527,23
b2528,23
b2529,23
b2530,23
b2531,23
b2532,23
b2533,23
b2534,23
b2535,23
b2536,23
b2537,23
b4706,23
b2538,23
b2539,23
b2540,23
b2541,23
b2542,23
b2543,23
b2544,23
b2545,23
b2546,23
b2547,23
b2548,23
b2549,23
b2550,23
b2551,23
b2552,23
b2553,23
b2554,23
b2555,23
b2556,23
b2557,23
b2558,23
b2559,23
b2560,23
b2561,23
b2562,23
b4687,23
b2563,23
b2564,23
b2565,23
b2566,23
b2567,23
b2568,23
b2569,23
b2570,23
b2571,23
b2572,23
b2573,23
b4725,23
b2574,23
b2575,23
b2576,23
b2577,23
b2578,23
b2579,23
b2580,23
b2581,23
b2582,23
b2583,23
b2584,23
b4782,23
b2585,23
b2586,23
b2587,23
b4783,23
b2592,23
b2593,23
b2594,23
b2595,23
b2597,23
b2598,23
b2599,23
b2600,23
b2601,23
b2602,23
b2603,23
b2604,23
b2605,23
b2606,23
b2607,23
b2608,23
b2609,23
b2610,23
b2611,23
b4461,23
b2614,23
b2615,23
b2616,23
b2617,23
b2618,23
b2619,23
b2620,23
b2622,23
b2623,23
b2624,23
b2625,23
b2626,23
b2627,23
b2628,23
b2629,23
b2630,23
b2631,23
b2632,23
b2633,23
b2634,23
b2635,23
b2636,23
b2637,23
b2638,23
b2642,23
b2643,23
b2644,23
b4548,23
b2645,23
b2646,23
b2647,23
b2649,23
b2650,23
b2659,23
b2660,23
b2661,23
b2662,23
b2663,23
b2664,23
b2665,23
b2666,23
b2667,23
b2668,23
b2669,23
b2670,23
b2671,23
b2672,23
b2673,23
b2674,23
b2675,23
b2676,23
b2677,23
b2678,23
b2679,23
b2682,23
b2683,23
b2684,23
b2685,23
b2686,23
b2687,23
b2688,23
b2689,23
b2690,23
b2696,23
b2697,23
b2698,23
b2699,23
b2700,23
b2701,23
b2702,23
b2703,23
b2704,23
b2705,23
b2706,23
b2707,23
b2708,23
b2709,23
b2710,23
b2711,23
b2712,23
b2713,23
b2714,23
b2715,23
b2716,23
b2717,23
b2718,23
b2719,23
b2720,23
b2721,23
b2722,23
b2723,23
b2724,23
b2725,23
b2726,23
b2727,23
b2728,23
b2729,23
b2730,23
b2731,23
b2732,23
b2733,23
b2734,23
b2735,23
b2736,23
b2737,23
b2738,23
b2739,23
b2740,23
b2741,23
b2742,23
b2743,23
b2744,23
b2745,23
b2746,23
b2747,23
b2748,23
b2749,23
b2750,23
b2751,23
b2752,23
b2753,23
b2754,23
b2755,23
b2756,23
b2757,23
b2758,23
b2759,23
b2760,23
b2761,23
b2762,23
b2763,23
b2764,23
b2765,23
b2766,23
b2767,23
b2768,23
b2769,23
b2770,23
b2771,23
b4463,23
b2774,23
b2775,23
b2776,23
b2777,23
b4682,23
b2778,23
b2779,23
b2780,23
b2781,23
b2782,23
b2783,23
b2784,23
b2785,23
b2786,23
b2787,23
b2788,23
b2789,23
b2790,23
b2791,23
b2792,23
b2793,23
b2794,23
b2795,23
b2796,23
b2797,23
b2798,23
b2799,23
b2800,23
b2801,23
b2802,23
b2803,23
b2804,23
b2805,23
b2806,23
b2807,23
b2808,23
b2809,23
b2810,23
b2811,23
b2812,23
b2813,23
b2817,23
b2818,23
b2819,23
b2820,23
b2821,23
b2822,23
b2823,23
b2824,23
b2825,23
b2826,23
b2827,23
b2828,23
b2829,23
b2830,23
b4610,23
b2831,23
b2832,23
b2833,23
b2834,23
b2835,23
b2836,23
b2837,23
b2838,23
b2839,23
b2840,23
b2841,23
b2842,23
b2843,23
b2844,23
b2845,23
b2846,23
b2847,23
b2848,23
b4683,23
b2849,23
b2851,23
b2852,23
b2853,23
b2860,23
b2861,23
b2863,23
b2865,23
b2866,23
b2867,23
b2868,23
b2869,23
b2870,23
b2871,23
b2872,23
b2873,23
b2874,23
b2875,23
b2876,23
b2877,23
b2878,23
b2879,23
b2880,23
b2881,23
b2882,23
b2883,23
b4464,23
b2886,23
b2887,23
b2888,23
b4684,23
b4753,23
b2889,23
b2890,23
b2892,23
b2893,23
b2894,23
b2895,23
b2896,23
b2897,23
b2898,23
b2899,23
b2900,23
b2901,23
b2902,23
b2903,23
b2904,23
b2905,23
b4754,23
b2906,23
b2907,23
b2908,23
b2909,23
b2910,23
b2912,23
b4665,23
b2913,23
b2914,23
b2916,23
b2917,23
b2918,23
b2919,23
b2920,23
b2921,23
b2922,23
b2923,23
b2924,23
b2925,23
b2926,23
b2927,23
b2928,23
b2929,23
b2930,23
b4465,23
b2933,23
b2934,23
b2935,23
b2936,23
b2937,23
b2938,23
b2939,23
b4784,23
b2940,23
b2941,23
b2942,23
b2943,23
b2944,23
b2945,23
b2946,23
b2947,23
b2948,23
b2949,23
b2950,23
b2951,23
b2952,23
b2953,23
b2954,23
b2955,23
b2956,23
b2957,23
b2958,23
b2959,23
b2960,23
b2961,23
b2962,23
b2963,23
b2964,23
b2965,23
b4785,23
b2966,23
b2968,23
b2969,23
b4786,23
b2970,23
b2971,23
b2972,23
b4466,23
b2975,23
b2976,23
b2977,23
b4467,23
b4468,23
b2979,23
b2980,23
b2981,23
b2982,23
b2983,23
b2984,23
b2985,23
b2986,23
b2987,23
b2988,23
b2989,23
b2990,23
b2991,23
b2992,23
b2993,23
b2994,23
b2995,23
b2996,23
b2997,23
b2998,23
b4755,23
b3001,23
b3002,23
b3003,23
b3005,23
b3006,23
b3008,23
b3009,23
b3010,23
b3011,23
b3012,23
b3013,23
b3014,23
b4469,23
b3017,23
b3018,23
b3019,23
b3020,23
b3021,23
b3022,23
b3023,23
b3024,23
b3025,23
b3026,23
b3027,23
b3028,23
b3029,23
b3030,23
b3031,23
b3032,23
b3033,23
b3034,23
b3035,23
b3037,23
b3038,23
b3039,23
b3040,23
b4756,23
b3041,23
b3042,23
b3043,23
b3044,23
b3045,23
b3047,23
b3048,23
b3049,23
b3050,23
b3051,23
b4664,23
b4666,23
b3052,23
b3053,23
b3054,23
b3055,23
b3056,23
b3057,23
b3058,23
b3059,23
b3060,23
b3061,23
b3062,23
b3063,23
b3064,23
b3065,23
b3066,23
b3067,23
b3068,23
b3070,23
b3071,23
b3072,23
b3073,23
b3074,23
b3075,23
b3076,23
b3077,23
b3078,23
b3079,23
b3080,23
b3081,23
b3082,23
b3083,23
b3084,23
b3085,23
b3086,23
b3087,23
b3088,23
b3089,23
b3090,23
b3091,23
b3092,23
b3093,23
b3094,23
b4787,23
b3095,23
b3096,23
b3097,23
b3098,23
b3099,23
b3100,23
b3101,23
b3102,23
b3103,23
b3104,23
b3105,23
b3106,23
b3107,23
b4470,23
b3110,23
b4471,23
b3113,23
b3114,23
b3115,23
b3116,23
b3117,23
b3118,23
b3119,23
b3120,23
b3121,23
b3124,23
b3125,23
b3126,23
b3127,23
b3128,23
b3129,23
b3130,23
b3131,23
b3132,23
b3133,23
b3136,23
b3137,23
b3138,23
b3139,23
b3140,23
b3141,23
b3142,23
b3143,23
b3144,23
b3145,23
b3146,23
b3147,23
b3148,23
b3149,23
b3150,23
b3151,23
b3152,23
b3153,23
b3154,23
b3155,23
b3156,23
b3157,23
b3158,23
b3159,23
b3160,23
b3161,23
b3162,23
b4685,23
b3163,23
b3164,23
b3165,23
b3166,23
b3167,23
b3168,23
b3169,23
b3170,23
b3172,23
b3173,23
b3175,23
b3176,23
b3177,23
b3178,23
b3179,23
b3180,23
b3181,23
b3182,23
b3183,23
b3184,23
b3185,23
b3186,23
b3187,23
b3188,23
b3189,23
b3190,23
b3191,23
b3192,23
b3193,23
b3194,23
b3195,23
b3196,23
b3197,23
b3198,23
b3199,23
b3200,23
b3201,23
b3202,23
b3203,23
b3204,23
b3205,23
b3206,23
b3207,23
b3208,23
b3209,23
b3210,23
b3211,23
b3212,23
b3213,23
b3214,23
b3215,23
b3216,23
b3218,23
b3219,23
b3220,23
b3221,23
b3222,23
b3223,23
b3224,23
b3225,23
b3226,23
b3227,23
b3228,23
b3229,23
b3230,23
b3231,23
b3232,23
b3233,23
b3234,23
b3235,23
b3236,23
b3237,23
b3238,23
b3239,23
b3240,23
b3241,23
b3242,23
b3243,23
b3244,23
b4472,23
b3247,23
b3248,23
b3249,23
b3250,23
b3251,23
b3252,23
b3253,23
b3255,23
b3256,23
b3257,23
b3258,23
b3259,23
b3260,23
b3261,23
b3262,23
b3263,23
b3264,23
b3265,23
b3266,23
b3267,23
b3269,23
b3270,23
b3271,23
b3279,23
b3280,23
b3281,23
b3282,23
b3283,23
b3284,23
b4473,23
b3287,23
b3288,23
b3289,23
b3290,23
b3291,23
b4550,23
b3292,23
b3293,23
b3294,23
b3295,23
b3296,23
b3297,23
b3298,23
b3299,23
b3300,23
b3301,23
b3302,23
b3303,23
b3304,23
b3305,23
b3306,23
b3307,23
b3308,23
b3309,23
b3310,23
b3311,23
b3312,23
b3313,23
b3314,23
b3315,23
b3316,23
b3317,23
b3318,23
b3319,23
b3320,23
b3321,23
b3322,23
b3323,23
b3324,23
b3325,23
b3326,23
b3327,23
b3328,23
b3329,23
b3330,23
b3331,23
b3332,23
b3333,23
b3334,23
b3335,23
b3336,23
b3337,23
b3338,23
b3339,23
b3340,23
b3341,23
b3342,23
b3343,23
b3344,23
b3345,23
b3346,23
b3347,23
b3348,23
b3349,23
b4551,23
b3350,23
b3351,23
b3352,23
b3353,23
b3354,23
b3355,23
b3356,23
b3357,23
b3358,23
b3359,23
b3360,23
b3361,23
b3362,23
b3363,23
b3364,23
b3365,23
b3366,23
b3367,23
b3368,23
b3369,23
b3370,23
b3371,23
b4474,23
b3374,23
b3375,23
b3376,23
b3377,23
b3378,23
b3379,23
b3380,23
b3381,23
b3382,23
b3383,23
b3384,23
b3385,23
b3386,23
b3387,23
b3388,23
b3389,23
b3390,23
b3391,23
b3392,23
b3393,23
b3394,23
b3395,23
b3396,23
b3397,23
b3398,23
b3399,23
b3400,23
b3401,23
b3402,23
b3403,23
b3404,23
b3405,23
b3406,23
b3407,23
b3408,23
b3409,23
b3410,23
b3411,23
b3412,23
b3413,23
b3414,23
b3415,23
b3416,23
b3417,23
b3418,23
b4475,23
b3421,23
b3422,23
b3424,23
b3425,23
b3426,23
b3427,23
b3428,23
b3429,23
b3430,23
b3431,23
b3432,23
b4788,23
b4789,23
b3433,23
b3434,23
b4476,23
b3437,23
b3438,23
b3439,23
b3440,23
b3441,23
b3442,23
b3444,23
b3445,23
b4612,23
b3446,23
b3447,23
b3448,23
b3449,23
b3450,23
b3451,23
b3452,23
b3453,23
b3454,23
b3455,23
b3456,23
b3457,23
b3458,23
b3459,23
b3460,23
b3461,23
b3462,23
b3463,23
b3464,23
b3465,23
b3466,23
b3467,23
b3468,23
b3469,23
b3470,23
b3471,23
b3472,23
b3473,23
b3474,23
b3475,23
b3476,23
b3477,23
b3478,23
b3479,23
b3480,23
b3481,23
b3482,23
b3483,23
b3484,23
b3485,23
b3486,23
b3487,23
b4790,23
b3488,23
b3491,23
b3492,23
b3493,23
b3494,23
b3495,23
b4791,23
b4792,23
b3496,23
b3497,23
b3498,23
b3499,23
b3500,23
b4613,23
b3501,23
b3502,23
b3503,23
b3505,23
b3506,23
b3507,23
b3508,23
b3509,23
b3510,23
b3511,23
b3512,23
b3513,23
b3514,23
b3515,23
b3516,23
b3517,23
b3518,23
b3519,23
b3520,23
b3521,23
b3522,23
b3523,23
b3524,23
b3525,23
b3526,23
b3527,23
b3528,23
b3529,23
b3530,23
b3531,23
b3532,23
b3533,23
b3535,23
b3536,23
b3537,23
b3538,23
b4453,23
b3539,23
b3540,23
b3541,23
b3542,23
b3543,23
b3544,23
b3546,23
b3547,23
b3548,23
b3549,23
b3550,23
b3551,23
b3552,23
b3553,23
b3554,23
b3555,23
b3556,23
b4793,23
b4455,23
b3557,23
b3558,23
b3559,23
b3560,23
b4553,23
b3561,23
b3562,23
b3563,23
b3564,23
b3565,23
b3566,23
b3567,23
b3568,23
b3569,23
b3570,23
b4794,23
b3571,23
b3572,23
b3573,23
b3574,23
b3575,23
b3576,23
b3577,23
b3578,23
b3579,23
b3580,23
b3581,23
b3582,23
b3583,23
b3584,23
b3585,23
b3586,23
b3587,23
b3588,23
b3589,23
b3590,23
b3591,23
b3592,23
b3593,23
b3594,23
b3596,23
b4615,23
b3597,23
b3598,23
b3599,23
b3600,23
b3601,23
b4554,23
b3602,23
b3603,23
b3604,23
b3605,23
b3606,23
b3607,23
b3608,23
b3609,23
b3610,23
b3611,23
b3612,23
b3613,23
b3614,23
b3615,23
b3616,23
b3617,23
b3618,23
b3619,23
b3620,23
b3621,23
b3622,23
b4795,23
b4796,23
b3623,23
b3624,23
b3625,23
b3626,23
b3627,23
b3628,23
b3629,23
b3630,23
b3631,23
b3632,23
b3633,23
b3634,23
b3635,23
b3636,23
b3637,23
b3638,23
b3639,23
b3640,23
b3641,23
b3642,23
b3643,23
b3644,23
b3645,23
b3646,23
b3647,23
b3648,23
b3649,23
b3650,23
b3651,23
b3652,23
b3653,23
b3654,23
b3655,23
b3656,23
b3657,23
b3659,23
b3660,23
b4797,23
b3661,23
b4555,23
b3662,23
b3663,23
b3664,23
b3665,23
b3666,23
b3667,23
b3668,23
b3669,23
b3670,23
b3671,23
b3672,23
b4618,23
b4798,23
b3673,23
b3674,23
b3675,23
b3676,23
b3677,23
b3678,23
b3679,23
b3680,23
b3681,23
b3682,23
b3683,23
b3684,23
b3685,23
b3686,23
b3687,23
b3688,23
b3689,23
b3690,23
b3691,23
b4478,23
b4477,23
b3693,23
b4479,23
b3696,23
b3697,23
b3698,23
b3699,23
b3700,23
b3701,23
b3702,23
b4757,23
b3703,23
b3704,23
b4557,23
b3705,23
b3706,23
b3707,23
b3708,23
b3709,23
b3710,23
b3711,23
b3712,23
b3713,23
b3714,23
b3715,23
b3716,23
b3717,23
b3718,23
b3719,23
b3720,23
b3721,23
b3722,23
b3723,23
b3724,23
b3725,23
b3726,23
b3727,23
b3728,23
b3729,23
b3730,23
b3731,23
b3732,23
b3733,23
b3734,23
b3735,23
b3736,23
b3737,23
b3738,23
b3739,23
b3740,23
b3741,23
b3742,23
b3743,23
b3744,23
b3745,23
b3746,23
b3747,23
b3748,23
b3749,23
b3750,23
b3751,23
b3752,23
b3753,23
b3754,23
b3755,23
b4480,23
b3764,23
b3765,23
b3766,23
b4669,23
b3769,23
b3770,23
b3771,23
b3772,23
b3773,23
b3774,23
b3775,23
b3778,23
b3779,23
b3780,23
b3781,23
b3782,23
b3783,23
b3784,23
b3785,23
b3786,23
b3787,23
b3788,23
b3789,23
b3790,23
b3791,23
b3792,23
b4481,23
b3793,23
b3794,23
b3795,23
b3800,23
b3801,23
b3802,23
b3803,23
b3804,23
b3805,23
b3806,23
b3807,23
b3808,23
b4558,23
b3809,23
b3810,23
b3811,23
b3812,23
b3813,23
b4482,23
b4799,23
b3816,23
b3817,23
b3818,23
b3819,23
b3820,23
b3821,23
b3822,23
b3823,23
b3824,23
b3825,23
b3826,23
b3827,23
b3828,23
b3829,23
b3830,23
b3831,23
b3832,23
b3833,23
b3834,23
b3835,23
b3836,23
b3838,23
b3839,23
b4483,23
b3842,23
b3843,23
b3844,23
b3845,23
b3846,23
b3847,23
b3848,23
b3849,23
b3850,23
b3856,23
b3857,23
b3858,23
b3859,23
b3860,23
b3861,23
b3862,23
b3863,23
b3865,23
b3866,23
b3867,23
b4686,23
b3868,23
b3869,23
b3870,23
b3871,23
b3872,23
b3873,23
b3874,23
b3875,23
b3876,23
b3877,23
b3878,23
b3879,23
b3880,23
b3881,23
b3882,23
b3883,23
b3884,23
b3885,23
b3886,23
b3887,23
b3888,23
b3889,23
b3890,23
b3891,23
b3892,23
b3893,23
b3894,23
b3895,23
b3896,23
b3897,23
b3898,23
b3899,23
b3900,23
b3901,23
b3902,23
b3903,23
b3904,23
b3905,23
b3906,23
b3907,23
b3908,23
b3909,23
b3910,23
b3911,23
b3912,23
b4484,23
b3915,23
b3916,23
b3917,23
b3918,23
b3919,23
b3920,23
b3921,23
b3922,23
b3923,23
b3924,23
b3925,23
b3926,23
b3927,23
b3928,23
b3929,23
b3930,23
b3931,23
b3932,23
b3933,23
b3934,23
b3935,23
b3936,23
b3937,23
b3938,23
b3939,23
b3940,23
b3941,23
b3942,23
b3943,23
b3944,23
b3945,23
b3946,23
b3947,23
b3949,23
b3950,23
b3951,23
b3952,23
b3953,23
b3954,23
b3955,23
b3956,23
b3957,23
b3958,23
b3959,23
b3960,23
b3961,23
b3962,23
b3963,23
b3964,23
b3965,23
b3966,23
b3967,23
b3972,23
b3973,23
b3974,23
b3980,23
b3981,23
b3982,23
b3983,23
b3984,23
b3985,23
b3986,23
b3987,23
b3988,23
b3989,23
b3990,23
b3991,23
b4407,23
b3992,23
b3993,23
b3994,23
b3995,23
b3996,23
b3997,23
b3998,23
b3999,23
b4000,23
b4001,23
b4002,23
b4003,23
b4004,23
b4005,23
b4006,23
b4011,23
b4012,23
b4013,23
b4014,23
b4015,23
b4016,23
b4017,23
b4018,23
b4019,23
b4020,23
b4021,23
b4022,23
b4023,23
b4024,23
b4025,23
b4026,23
b4027,23
b4028,23
b4029,23
b4620,23
b4030,23
b4031,23
b4032,23
b4033,23
b4034,23
b4035,23
b4036,23
b4037,23
b4039,23
b4040,23
b4041,23
b4042,23
b4043,23
b4044,23
b4045,23
b4046,23
b4047,23
b4048,23
b4049,23
b4050,23
b4051,23
b4052,23
b4053,23
b4054,23
b4621,23
b4055,23
b4056,23
b4057,23
b4058,23
b4059,23
b4060,23
b4061,23
b4062,23
b4063,23
b4064,23
b4065,23
b4066,23
b4067,23
b4068,23
b4069,23
b4070,23
b4071,23
b4072,23
b4073,23
b4074,23
b4075,23
b4076,23
b4077,23
b4078,23
b4079,23
b4080,23
b4081,23
b4082,23
b4622,23
b4083,23
b4084,23
b4085,23
b4086,23
b4087,23
b4088,23
b4089,23
b4090,23
b4487,23
b4092,23
b4093,23
b4094,23
b4095,23
b4096,23
b4097,23
b4098,23
b4099,23
b4100,23
b4101,23
b4102,23
b4105,23
b4106,23
b4107,23
b4108,23
b4109,23
b4110,23
b4111,23
b4703,23
b4112,23
b4113,23
b4114,23
b4115,23
b4116,23
b4117,23
b4118,23
b4119,23
b4120,23
b4121,23
b4122,23
b4123,23
b4124,23
b4125,23
b4126,23
b4127,23
b4128,23
b4559,23
b4129,23
b4130,23
b4131,23
b4132,23
b4133,23
b4135,23
b4136,23
b4137,23
b4138,23
b4139,23
b4140,23
b4141,23
b4142,23
b4143,23
b4144,23
b4145,23
b4146,23
b4147,23
b4410,23
b4411,23
b4148,23
b4149,23
b4150,23
b4151,23
b4152,23
b4153,23
b4154,23
b4155,23
b4156,23
b4157,23
b4158,23
b4159,23
b4160,23
b4161,23
b4162,23
b4670,23
b4166,23
b4167,23
b4168,23
b4169,23
b4170,23
b4171,23
b4172,23
b4173,23
b4174,23
b4175,23
b4176,23
b4177,23
b4178,23
b4179,23
b4180,23
b4181,23
b4182,23
b4183,23
b4184,23
b4185,23
b4186,23
b4187,23
b4188,23
b4189,23
b4190,23
b4191,23
b4192,23
b4193,23
b4194,23
b4195,23
b4196,23
b4197,23
b4198,23
b4199,23
b4200,23
b4201,23
b4202,23
b4203,23
b4204,23
b4206,23
b4207,23
b4208,23
b4209,23
b4210,23
b4211,23
b4212,23
b4213,23
b4214,23
b4215,23
b4216,23
b4217,23
b4218,23
b4219,23
b4220,23
b4221,23
b4222,23
b4224,23
b4225,23
b4226,23
b4227,23
b4485,23
b4230,23
b4231,23
b4232,23
b4233,23
b4234,23
b4235,23
b4237,23
b4238,23
b4239,23
b4240,23
b4241,23
b4702,23
b4242,23
b4243,23
b4244,23
b4245,23
b4246,23
b4248,23
b4249,23
b4251,23
b4252,23
b4253,23
b4254,23
b4255,23
b4256,23
b4257,23
b4258,23
b4259,23
b4260,23
b4800,23
b4261,23
b4262,23
b4263,23
b4264,23
b4265,23
b4266,23
b4267,23
b4268,23
b4269,23
b4272,23
b4273,23
b4277,23
b4278,23
b4279,23
b4280,23
b4655,23
b4284,23
b4287,23
b4288,23
b4289,23
b4290,23
b4291,23
b4292,23
b4293,23
b4801,23
b4294,23
b4295,23
b4296,23
b4297,23
b4298,23
b4299,23
b4300,23
b4301,23
b4302,23
b4303,23
b4304,23
b4565,23
b4305,23
b4306,23
b4307,23
b4566,23
b4802,23
b4309,23
b4310,23
b4311,23
b4312,23
b4313,23
b4314,23
b4315,23
b4316,23
b4317,23
b4318,23
b4319,23
b4320,23
b4321,23
b4322,23
b4323,23
b4324,23
b4325,23
b4720,23
b4721,23
b4722,23
b4326,23
b4327,23
b4328,23
b4329,23
b4330,23
b4331,23
b4332,23
b4333,23
b4715,23
b4334,23
b4335,23
b4336,23
b4337,23
b4340,23
b4341,23
b4342,23
b4345,23
b4346,23
b4347,23
b4348,23
b4349,23
b4350,23
b4351,23
b4352,23
b4353,23
b4354,23
b4355,23
b4356,23
b4357,23
b4358,23
b4359,23
b4360,23
b4361,23
b4362,23
b4363,23
b4364,23
b4365,23
b4366,23
b4367,23
b4567,23
b4371,23
b4372,23
b4373,23
b4374,23
b4375,23
b4376,23
b4568,23
b4377,23
b4378,23
b4379,23
b4380,23
b4381,23
b4382,23
b4383,23
b4384,23
b4385,23
b4386,23
b4387,23
b4388,23
b4389,23
b4390,23
b4391,23
b4392,23
b4393,23
b4394,23
b4395,23
b4396,23
b4397,23
b4398,23
b4399,23
b4400,23
b4401,23
b4402,23
b4403,23
b0004,boundary
b0025,boundary
b0026,boundary
b0042,boundary
b0043,boundary
b0061,boundary
b0062,boundary
b0069,boundary
b4662,boundary
b0070,boundary
b0091,boundary
b0103,boundary
b4727,boundary
b0104,boundary
b0117,boundary
b0144,boundary
b0145,boundary
b0146,boundary
b0159,boundary
b0160,boundary
b0169,boundary
b0170,boundary
b0217,boundary
b4586,boundary
b0234,boundary
b0243,boundary
b0258,boundary
b0304,boundary
b0325,boundary
b0344,boundary
b0385,boundary
b0386,boundary
b0401,boundary
b0402,boundary
b0428,boundary
b0429,boundary
b0439,boundary
